entry_time,exit_time,entry_action,exit_action,entry_price,exit_price,pnl,trade_journey
2025-07-25 09:27:00+05:30,2025-07-25 09:35:00+05:30,BUY,SELL,24943.0,24962.5,19.5,"[{'time': '2025-07-25 09:27:00+05:30', 'pnl': 0.0}, {'time': '2025-07-25 09:28:00+05:30', 'pnl': 30.5}, {'time': '2025-07-25 09:29:00+05:30', 'pnl': 47.849999999998545}, {'time': '2025-07-25 09:30:00+05:30', 'pnl': 38.45000000000073}, {'time': '2025-07-25 09:31:00+05:30', 'pnl': 39.349999999998545}, {'time': '2025-07-25 09:32:00+05:30', 'pnl': 25.599999999998545}, {'time': '2025-07-25 09:33:00+05:30', 'pnl': 29.900000000001455}, {'time': '2025-07-25 09:34:00+05:30', 'pnl': 7.0}, {'time': '2025-07-25 09:35:00+05:30', 'pnl': 19.5}]"
2025-07-25 09:35:00+05:30,2025-07-25 09:38:00+05:30,SELL,BUY,24962.5,24978.15,-15.650000000001455,"[{'time': '2025-07-25 09:35:00+05:30', 'pnl': 0.0}, {'time': '2025-07-25 09:36:00+05:30', 'pnl': 7.200000000000728}, {'time': '2025-07-25 09:37:00+05:30', 'pnl': -3.9500000000007276}, {'time': '2025-07-25 09:38:00+05:30', 'pnl': -15.650000000001455}]"
2025-07-25 09:38:00+05:30,2025-07-25 09:41:00+05:30,BUY,SELL,24978.15,24947.65,-30.5,"[{'time': '2025-07-25 09:38:00+05:30', 'pnl': 0.0}, {'time': '2025-07-25 09:39:00+05:30', 'pnl': -4.650000000001455}, {'time': '2025-07-25 09:40:00+05:30', 'pnl': -15.200000000000728}, {'time': '2025-07-25 09:41:00+05:30', 'pnl': -30.5}]"
2025-07-25 09:41:00+05:30,2025-07-25 09:53:00+05:30,SELL,BUY,24947.65,24930.3,17.350000000002183,"[{'time': '2025-07-25 09:41:00+05:30', 'pnl': 0.0}, {'time': '2025-07-25 09:42:00+05:30', 'pnl': 8.200000000000728}, {'time': '2025-07-25 09:43:00+05:30', 'pnl': 12.150000000001455}, {'time': '2025-07-25 09:44:00+05:30', 'pnl': 21.30000000000291}, {'time': '2025-07-25 09:45:00+05:30', 'pnl': 23.650000000001455}, {'time': '2025-07-25 09:46:00+05:30', 'pnl': 23.650000000001455}, {'time': '2025-07-25 09:47:00+05:30', 'pnl': 28.350000000002183}, {'time': '2025-07-25 09:48:00+05:30', 'pnl': 32.150000000001455}, {'time': '2025-07-25 09:49:00+05:30', 'pnl': 25.5}, {'time': '2025-07-25 09:50:00+05:30', 'pnl': 5.0}, {'time': '2025-07-25 09:51:00+05:30', 'pnl': 16.05000000000291}, {'time': '2025-07-25 09:52:00+05:30', 'pnl': 20.05000000000291}, {'time': '2025-07-25 09:53:00+05:30', 'pnl': 17.350000000002183}]"
2025-07-25 09:53:00+05:30,2025-07-25 09:54:00+05:30,BUY,SELL,24930.3,24923.1,-7.200000000000728,"[{'time': '2025-07-25 09:53:00+05:30', 'pnl': 0.0}, {'time': '2025-07-25 09:54:00+05:30', 'pnl': -7.200000000000728}]"
2025-07-25 09:54:00+05:30,2025-07-25 09:56:00+05:30,SELL,BUY,24923.1,24941.85,-18.75,"[{'time': '2025-07-25 09:54:00+05:30', 'pnl': 0.0}, {'time': '2025-07-25 09:55:00+05:30', 'pnl': -7.80000000000291}, {'time': '2025-07-25 09:56:00+05:30', 'pnl': -18.75}]"
2025-07-25 09:56:00+05:30,2025-07-25 09:59:00+05:30,BUY,SELL,24941.85,24928.55,-13.299999999999272,"[{'time': '2025-07-25 09:56:00+05:30', 'pnl': 0.0}, {'time': '2025-07-25 09:57:00+05:30', 'pnl': -7.549999999999272}, {'time': '2025-07-25 09:58:00+05:30', 'pnl': -15.849999999998545}, {'time': '2025-07-25 09:59:00+05:30', 'pnl': -13.299999999999272}]"
2025-07-25 09:59:00+05:30,2025-07-25 10:03:00+05:30,SELL,BUY,24928.55,24937.15,-8.600000000002183,"[{'time': '2025-07-25 09:59:00+05:30', 'pnl': 0.0}, {'time': '2025-07-25 10:00:00+05:30', 'pnl': 2.149999999997817}, {'time': '2025-07-25 10:01:00+05:30', 'pnl': 7.549999999999272}, {'time': '2025-07-25 10:02:00+05:30', 'pnl': 0.5499999999992724}, {'time': '2025-07-25 10:03:00+05:30', 'pnl': -8.600000000002183}]"
2025-07-25 10:03:00+05:30,2025-07-25 10:05:00+05:30,BUY,SELL,24937.15,24922.6,-14.55000000000291,"[{'time': '2025-07-25 10:03:00+05:30', 'pnl': 0.0}, {'time': '2025-07-25 10:04:00+05:30', 'pnl': -7.25}, {'time': '2025-07-25 10:05:00+05:30', 'pnl': -14.55000000000291}]"
2025-07-25 10:05:00+05:30,2025-07-25 10:43:00+05:30,SELL,BUY,24922.6,24866.35,56.25,"[{'time': '2025-07-25 10:05:00+05:30', 'pnl': 0.0}, {'time': '2025-07-25 10:06:00+05:30', 'pnl': -5.100000000002183}, {'time': '2025-07-25 10:07:00+05:30', 'pnl': 8.69999999999709}, {'time': '2025-07-25 10:08:00+05:30', 'pnl': 3.2999999999992724}, {'time': '2025-07-25 10:09:00+05:30', 'pnl': 10.69999999999709}, {'time': '2025-07-25 10:10:00+05:30', 'pnl': 11.899999999997817}, {'time': '2025-07-25 10:11:00+05:30', 'pnl': 9.849999999998545}, {'time': '2025-07-25 10:12:00+05:30', 'pnl': 13.399999999997817}, {'time': '2025-07-25 10:13:00+05:30', 'pnl': 6.399999999997817}, {'time': '2025-07-25 10:14:00+05:30', 'pnl': 19.299999999999272}, {'time': '2025-07-25 10:15:00+05:30', 'pnl': 33.64999999999782}, {'time': '2025-07-25 10:16:00+05:30', 'pnl': 57.39999999999782}, {'time': '2025-07-25 10:17:00+05:30', 'pnl': 50.94999999999709}, {'time': '2025-07-25 10:18:00+05:30', 'pnl': 56.04999999999927}, {'time': '2025-07-25 10:19:00+05:30', 'pnl': 58.89999999999782}, {'time': '2025-07-25 10:20:00+05:30', 'pnl': 44.69999999999709}, {'time': '2025-07-25 10:21:00+05:30', 'pnl': 48.849999999998545}, {'time': '2025-07-25 10:22:00+05:30', 'pnl': 42.64999999999782}, {'time': '2025-07-25 10:23:00+05:30', 'pnl': 52.099999999998545}, {'time': '2025-07-25 10:24:00+05:30', 'pnl': 48.29999999999927}, {'time': '2025-07-25 10:25:00+05:30', 'pnl': 50.599999999998545}, {'time': '2025-07-25 10:26:00+05:30', 'pnl': 55.0}, {'time': '2025-07-25 10:27:00+05:30', 'pnl': 49.5}, {'time': '2025-07-25 10:28:00+05:30', 'pnl': 55.599999999998545}, {'time': '2025-07-25 10:29:00+05:30', 'pnl': 51.94999999999709}, {'time': '2025-07-25 10:30:00+05:30', 'pnl': 54.25}, {'time': '2025-07-25 10:31:00+05:30', 'pnl': 67.09999999999854}, {'time': '2025-07-25 10:32:00+05:30', 'pnl': 58.25}, {'time': '2025-07-25 10:33:00+05:30', 'pnl': 61.94999999999709}, {'time': '2025-07-25 10:34:00+05:30', 'pnl': 55.5}, {'time': '2025-07-25 10:35:00+05:30', 'pnl': 55.89999999999782}, {'time': '2025-07-25 10:36:00+05:30', 'pnl': 67.75}, {'time': '2025-07-25 10:37:00+05:30', 'pnl': 72.5}, {'time': '2025-07-25 10:38:00+05:30', 'pnl': 70.84999999999854}, {'time': '2025-07-25 10:39:00+05:30', 'pnl': 70.54999999999927}, {'time': '2025-07-25 10:40:00+05:30', 'pnl': 68.25}, {'time': '2025-07-25 10:41:00+05:30', 'pnl': 70.44999999999709}, {'time': '2025-07-25 10:42:00+05:30', 'pnl': 68.0}, {'time': '2025-07-25 10:43:00+05:30', 'pnl': 56.25}]"
2025-07-25 10:43:00+05:30,2025-07-25 10:54:00+05:30,BUY,SELL,24866.35,24862.3,-4.049999999999272,"[{'time': '2025-07-25 10:43:00+05:30', 'pnl': 0.0}, {'time': '2025-07-25 10:44:00+05:30', 'pnl': 7.150000000001455}, {'time': '2025-07-25 10:45:00+05:30', 'pnl': 1.1500000000014552}, {'time': '2025-07-25 10:46:00+05:30', 'pnl': 1.4000000000014552}, {'time': '2025-07-25 10:47:00+05:30', 'pnl': -1.2999999999992724}, {'time': '2025-07-25 10:48:00+05:30', 'pnl': 4.200000000000728}, {'time': '2025-07-25 10:49:00+05:30', 'pnl': 8.55000000000291}, {'time': '2025-07-25 10:50:00+05:30', 'pnl': 12.0}, {'time': '2025-07-25 10:51:00+05:30', 'pnl': 8.850000000002183}, {'time': '2025-07-25 10:52:00+05:30', 'pnl': 3.850000000002183}, {'time': '2025-07-25 10:53:00+05:30', 'pnl': 1.9000000000014552}, {'time': '2025-07-25 10:54:00+05:30', 'pnl': -4.049999999999272}]"
2025-07-25 10:54:00+05:30,2025-07-25 11:00:00+05:30,SELL,BUY,24862.3,24875.0,-12.700000000000728,"[{'time': '2025-07-25 10:54:00+05:30', 'pnl': 0.0}, {'time': '2025-07-25 10:55:00+05:30', 'pnl': -3.0}, {'time': '2025-07-25 10:56:00+05:30', 'pnl': -2.2999999999992724}, {'time': '2025-07-25 10:57:00+05:30', 'pnl': -3.0499999999992724}, {'time': '2025-07-25 10:58:00+05:30', 'pnl': -5.299999999999272}, {'time': '2025-07-25 10:59:00+05:30', 'pnl': -7.950000000000728}, {'time': '2025-07-25 11:00:00+05:30', 'pnl': -12.700000000000728}]"
2025-07-25 11:00:00+05:30,2025-07-25 11:11:00+05:30,BUY,SELL,24875.0,24870.15,-4.849999999998545,"[{'time': '2025-07-25 11:00:00+05:30', 'pnl': 0.0}, {'time': '2025-07-25 11:01:00+05:30', 'pnl': -11.200000000000728}, {'time': '2025-07-25 11:02:00+05:30', 'pnl': -4.200000000000728}, {'time': '2025-07-25 11:03:00+05:30', 'pnl': 0.0}, {'time': '2025-07-25 11:04:00+05:30', 'pnl': 0.6500000000014552}, {'time': '2025-07-25 11:05:00+05:30', 'pnl': 7.150000000001455}, {'time': '2025-07-25 11:06:00+05:30', 'pnl': 15.650000000001455}, {'time': '2025-07-25 11:07:00+05:30', 'pnl': 10.0}, {'time': '2025-07-25 11:08:00+05:30', 'pnl': 12.5}, {'time': '2025-07-25 11:09:00+05:30', 'pnl': 8.0}, {'time': '2025-07-25 11:10:00+05:30', 'pnl': 1.7000000000007276}, {'time': '2025-07-25 11:11:00+05:30', 'pnl': -4.849999999998545}]"
2025-07-25 11:11:00+05:30,2025-07-25 11:20:00+05:30,SELL,BUY,24870.15,24883.05,-12.899999999997817,"[{'time': '2025-07-25 11:11:00+05:30', 'pnl': 0.0}, {'time': '2025-07-25 11:12:00+05:30', 'pnl': -0.19999999999708962}, {'time': '2025-07-25 11:13:00+05:30', 'pnl': 6.0}, {'time': '2025-07-25 11:14:00+05:30', 'pnl': 1.6500000000014552}, {'time': '2025-07-25 11:15:00+05:30', 'pnl': 5.55000000000291}, {'time': '2025-07-25 11:16:00+05:30', 'pnl': 14.400000000001455}, {'time': '2025-07-25 11:17:00+05:30', 'pnl': 12.900000000001455}, {'time': '2025-07-25 11:18:00+05:30', 'pnl': 4.450000000000728}, {'time': '2025-07-25 11:19:00+05:30', 'pnl': -8.349999999998545}, {'time': '2025-07-25 11:20:00+05:30', 'pnl': -12.899999999997817}]"
2025-07-25 11:20:00+05:30,2025-07-25 11:34:00+05:30,BUY,SELL,24883.05,24872.45,-10.599999999998545,"[{'time': '2025-07-25 11:20:00+05:30', 'pnl': 0.0}, {'time': '2025-07-25 11:21:00+05:30', 'pnl': 2.75}, {'time': '2025-07-25 11:22:00+05:30', 'pnl': 3.150000000001455}, {'time': '2025-07-25 11:23:00+05:30', 'pnl': 2.600000000002183}, {'time': '2025-07-25 11:24:00+05:30', 'pnl': 5.600000000002183}, {'time': '2025-07-25 11:25:00+05:30', 'pnl': 1.9000000000014552}, {'time': '2025-07-25 11:26:00+05:30', 'pnl': -3.5}, {'time': '2025-07-25 11:27:00+05:30', 'pnl': 0.5499999999992724}, {'time': '2025-07-25 11:28:00+05:30', 'pnl': -2.4500000000007276}, {'time': '2025-07-25 11:29:00+05:30', 'pnl': 0.0}, {'time': '2025-07-25 11:30:00+05:30', 'pnl': 9.25}, {'time': '2025-07-25 11:31:00+05:30', 'pnl': 31.650000000001455}, {'time': '2025-07-25 11:32:00+05:30', 'pnl': 9.549999999999272}, {'time': '2025-07-25 11:33:00+05:30', 'pnl': -8.700000000000728}, {'time': '2025-07-25 11:34:00+05:30', 'pnl': -10.599999999998545}]"
2025-07-25 11:34:00+05:30,2025-07-25 11:56:00+05:30,SELL,BUY,24872.45,24845.15,27.299999999999272,"[{'time': '2025-07-25 11:34:00+05:30', 'pnl': 0.0}, {'time': '2025-07-25 11:35:00+05:30', 'pnl': 3.350000000002183}, {'time': '2025-07-25 11:36:00+05:30', 'pnl': 2.100000000002183}, {'time': '2025-07-25 11:37:00+05:30', 'pnl': 10.299999999999272}, {'time': '2025-07-25 11:38:00+05:30', 'pnl': 11.75}, {'time': '2025-07-25 11:39:00+05:30', 'pnl': 7.350000000002183}, {'time': '2025-07-25 11:40:00+05:30', 'pnl': 13.850000000002183}, {'time': '2025-07-25 11:41:00+05:30', 'pnl': 15.350000000002183}, {'time': '2025-07-25 11:42:00+05:30', 'pnl': 8.799999999999272}, {'time': '2025-07-25 11:43:00+05:30', 'pnl': 6.049999999999272}, {'time': '2025-07-25 11:44:00+05:30', 'pnl': 7.0}, {'time': '2025-07-25 11:45:00+05:30', 'pnl': 10.450000000000728}, {'time': '2025-07-25 11:46:00+05:30', 'pnl': 14.5}, {'time': '2025-07-25 11:47:00+05:30', 'pnl': 33.70000000000073}, {'time': '2025-07-25 11:48:00+05:30', 'pnl': 40.35000000000218}, {'time': '2025-07-25 11:49:00+05:30', 'pnl': 34.20000000000073}, {'time': '2025-07-25 11:50:00+05:30', 'pnl': 31.350000000002183}, {'time': '2025-07-25 11:51:00+05:30', 'pnl': 34.54999999999927}, {'time': '2025-07-25 11:52:00+05:30', 'pnl': 36.79999999999927}, {'time': '2025-07-25 11:53:00+05:30', 'pnl': 29.25}, {'time': '2025-07-25 11:54:00+05:30', 'pnl': 27.0}, {'time': '2025-07-25 11:55:00+05:30', 'pnl': 25.850000000002183}, {'time': '2025-07-25 11:56:00+05:30', 'pnl': 27.299999999999272}]"
2025-07-25 11:56:00+05:30,2025-07-25 12:00:00+05:30,BUY,SELL,24845.15,24839.65,-5.5,"[{'time': '2025-07-25 11:56:00+05:30', 'pnl': 0.0}, {'time': '2025-07-25 11:57:00+05:30', 'pnl': -2.8000000000029104}, {'time': '2025-07-25 11:58:00+05:30', 'pnl': -3.0500000000029104}, {'time': '2025-07-25 11:59:00+05:30', 'pnl': 1.3999999999978172}, {'time': '2025-07-25 12:00:00+05:30', 'pnl': -5.5}]"
2025-07-25 12:00:00+05:30,2025-07-25 12:05:00+05:30,SELL,BUY,24839.65,24848.15,-8.5,"[{'time': '2025-07-25 12:00:00+05:30', 'pnl': 0.0}, {'time': '2025-07-25 12:01:00+05:30', 'pnl': 3.900000000001455}, {'time': '2025-07-25 12:02:00+05:30', 'pnl': 1.5}, {'time': '2025-07-25 12:03:00+05:30', 'pnl': 3.0}, {'time': '2025-07-25 12:04:00+05:30', 'pnl': -2.6999999999970896}, {'time': '2025-07-25 12:05:00+05:30', 'pnl': -8.5}]"
2025-07-25 12:05:00+05:30,2025-07-25 12:09:00+05:30,BUY,SELL,24848.15,24834.85,-13.30000000000291,"[{'time': '2025-07-25 12:05:00+05:30', 'pnl': 0.0}, {'time': '2025-07-25 12:06:00+05:30', 'pnl': -2.9500000000007276}, {'time': '2025-07-25 12:07:00+05:30', 'pnl': -6.80000000000291}, {'time': '2025-07-25 12:08:00+05:30', 'pnl': -8.25}, {'time': '2025-07-25 12:09:00+05:30', 'pnl': -13.30000000000291}]"
2025-07-25 12:09:00+05:30,2025-07-25 12:13:00+05:30,SELL,BUY,24834.85,24843.65,-8.80000000000291,"[{'time': '2025-07-25 12:09:00+05:30', 'pnl': 0.0}, {'time': '2025-07-25 12:10:00+05:30', 'pnl': 1.1499999999978172}, {'time': '2025-07-25 12:11:00+05:30', 'pnl': -7.75}, {'time': '2025-07-25 12:12:00+05:30', 'pnl': -4.55000000000291}, {'time': '2025-07-25 12:13:00+05:30', 'pnl': -8.80000000000291}]"
2025-07-25 12:13:00+05:30,2025-07-25 12:16:00+05:30,BUY,SELL,24843.65,24836.15,-7.5,"[{'time': '2025-07-25 12:13:00+05:30', 'pnl': 0.0}, {'time': '2025-07-25 12:14:00+05:30', 'pnl': 0.5}, {'time': '2025-07-25 12:15:00+05:30', 'pnl': -4.55000000000291}, {'time': '2025-07-25 12:16:00+05:30', 'pnl': -7.5}]"
2025-07-25 12:16:00+05:30,2025-07-25 12:30:00+05:30,SELL,BUY,24836.15,24832.15,4.0,"[{'time': '2025-07-25 12:16:00+05:30', 'pnl': 0.0}, {'time': '2025-07-25 12:17:00+05:30', 'pnl': -3.349999999998545}, {'time': '2025-07-25 12:18:00+05:30', 'pnl': 2.4500000000007276}, {'time': '2025-07-25 12:19:00+05:30', 'pnl': 4.150000000001455}, {'time': '2025-07-25 12:20:00+05:30', 'pnl': 3.25}, {'time': '2025-07-25 12:21:00+05:30', 'pnl': 10.75}, {'time': '2025-07-25 12:22:00+05:30', 'pnl': 11.200000000000728}, {'time': '2025-07-25 12:23:00+05:30', 'pnl': 15.700000000000728}, {'time': '2025-07-25 12:24:00+05:30', 'pnl': 11.600000000002183}, {'time': '2025-07-25 12:25:00+05:30', 'pnl': 13.900000000001455}, {'time': '2025-07-25 12:26:00+05:30', 'pnl': 17.400000000001455}, {'time': '2025-07-25 12:27:00+05:30', 'pnl': 16.850000000002183}, {'time': '2025-07-25 12:28:00+05:30', 'pnl': 12.80000000000291}, {'time': '2025-07-25 12:29:00+05:30', 'pnl': 7.80000000000291}, {'time': '2025-07-25 12:30:00+05:30', 'pnl': 4.0}]"
2025-07-25 12:30:00+05:30,2025-07-25 12:52:00+05:30,BUY,SELL,24832.15,24861.75,29.599999999998545,"[{'time': '2025-07-25 12:30:00+05:30', 'pnl': 0.0}, {'time': '2025-07-25 12:31:00+05:30', 'pnl': 4.44999999999709}, {'time': '2025-07-25 12:32:00+05:30', 'pnl': 3.7999999999992724}, {'time': '2025-07-25 12:33:00+05:30', 'pnl': 7.299999999999272}, {'time': '2025-07-25 12:34:00+05:30', 'pnl': -0.25}, {'time': '2025-07-25 12:35:00+05:30', 'pnl': 6.25}, {'time': '2025-07-25 12:36:00+05:30', 'pnl': 14.899999999997817}, {'time': '2025-07-25 12:37:00+05:30', 'pnl': 22.399999999997817}, {'time': '2025-07-25 12:38:00+05:30', 'pnl': 27.94999999999709}, {'time': '2025-07-25 12:39:00+05:30', 'pnl': 38.849999999998545}, {'time': '2025-07-25 12:40:00+05:30', 'pnl': 47.29999999999927}, {'time': '2025-07-25 12:41:00+05:30', 'pnl': 29.899999999997817}, {'time': '2025-07-25 12:42:00+05:30', 'pnl': 28.349999999998545}, {'time': '2025-07-25 12:43:00+05:30', 'pnl': 33.599999999998545}, {'time': '2025-07-25 12:44:00+05:30', 'pnl': 32.54999999999927}, {'time': '2025-07-25 12:45:00+05:30', 'pnl': 36.04999999999927}, {'time': '2025-07-25 12:46:00+05:30', 'pnl': 36.349999999998545}, {'time': '2025-07-25 12:47:00+05:30', 'pnl': 35.79999999999927}, {'time': '2025-07-25 12:48:00+05:30', 'pnl': 40.349999999998545}, {'time': '2025-07-25 12:49:00+05:30', 'pnl': 40.849999999998545}, {'time': '2025-07-25 12:50:00+05:30', 'pnl': 42.39999999999782}, {'time': '2025-07-25 12:51:00+05:30', 'pnl': 29.149999999997817}, {'time': '2025-07-25 12:52:00+05:30', 'pnl': 29.599999999998545}]"
2025-07-25 12:52:00+05:30,2025-07-25 13:01:00+05:30,SELL,BUY,24861.75,24866.55,-4.799999999999272,"[{'time': '2025-07-25 12:52:00+05:30', 'pnl': 0.0}, {'time': '2025-07-25 12:53:00+05:30', 'pnl': -1.0499999999992724}, {'time': '2025-07-25 12:54:00+05:30', 'pnl': 5.849999999998545}, {'time': '2025-07-25 12:55:00+05:30', 'pnl': 6.650000000001455}, {'time': '2025-07-25 12:56:00+05:30', 'pnl': 7.950000000000728}, {'time': '2025-07-25 12:57:00+05:30', 'pnl': 4.5}, {'time': '2025-07-25 12:58:00+05:30', 'pnl': 3.900000000001455}, {'time': '2025-07-25 12:59:00+05:30', 'pnl': 5.849999999998545}, {'time': '2025-07-25 13:00:00+05:30', 'pnl': -2.349999999998545}, {'time': '2025-07-25 13:01:00+05:30', 'pnl': -4.799999999999272}]"
2025-07-25 13:01:00+05:30,2025-07-25 13:03:00+05:30,BUY,SELL,24866.55,24852.85,-13.700000000000728,"[{'time': '2025-07-25 13:01:00+05:30', 'pnl': 0.0}, {'time': '2025-07-25 13:02:00+05:30', 'pnl': -7.0}, {'time': '2025-07-25 13:03:00+05:30', 'pnl': -13.700000000000728}]"
2025-07-25 13:03:00+05:30,2025-07-25 13:07:00+05:30,SELL,BUY,24852.85,24867.65,-14.80000000000291,"[{'time': '2025-07-25 13:03:00+05:30', 'pnl': 0.0}, {'time': '2025-07-25 13:04:00+05:30', 'pnl': 2.0}, {'time': '2025-07-25 13:05:00+05:30', 'pnl': 4.099999999998545}, {'time': '2025-07-25 13:06:00+05:30', 'pnl': -7.5}, {'time': '2025-07-25 13:07:00+05:30', 'pnl': -14.80000000000291}]"
2025-07-25 13:07:00+05:30,2025-07-25 13:11:00+05:30,BUY,SELL,24867.65,24853.6,-14.05000000000291,"[{'time': '2025-07-25 13:07:00+05:30', 'pnl': 0.0}, {'time': '2025-07-25 13:08:00+05:30', 'pnl': -9.850000000002183}, {'time': '2025-07-25 13:09:00+05:30', 'pnl': -11.75}, {'time': '2025-07-25 13:10:00+05:30', 'pnl': -8.25}, {'time': '2025-07-25 13:11:00+05:30', 'pnl': -14.05000000000291}]"
2025-07-25 13:11:00+05:30,2025-07-25 13:19:00+05:30,SELL,BUY,24853.6,24860.4,-6.80000000000291,"[{'time': '2025-07-25 13:11:00+05:30', 'pnl': 0.0}, {'time': '2025-07-25 13:12:00+05:30', 'pnl': 3.4499999999970896}, {'time': '2025-07-25 13:13:00+05:30', 'pnl': -0.5}, {'time': '2025-07-25 13:14:00+05:30', 'pnl': -3.9500000000007276}, {'time': '2025-07-25 13:15:00+05:30', 'pnl': -0.3500000000021828}, {'time': '2025-07-25 13:16:00+05:30', 'pnl': -1.3500000000021828}, {'time': '2025-07-25 13:17:00+05:30', 'pnl': 4.5}, {'time': '2025-07-25 13:18:00+05:30', 'pnl': 0.049999999999272404}, {'time': '2025-07-25 13:19:00+05:30', 'pnl': -6.80000000000291}]"
2025-07-25 13:19:00+05:30,2025-07-25 13:29:00+05:30,BUY,SELL,24860.4,24856.35,-4.05000000000291,"[{'time': '2025-07-25 13:19:00+05:30', 'pnl': 0.0}, {'time': '2025-07-25 13:20:00+05:30', 'pnl': -1.6500000000014552}, {'time': '2025-07-25 13:21:00+05:30', 'pnl': 0.09999999999854481}, {'time': '2025-07-25 13:22:00+05:30', 'pnl': 3.6999999999970896}, {'time': '2025-07-25 13:23:00+05:30', 'pnl': 5.44999999999709}, {'time': '2025-07-25 13:24:00+05:30', 'pnl': 12.049999999999272}, {'time': '2025-07-25 13:25:00+05:30', 'pnl': 6.049999999999272}, {'time': '2025-07-25 13:26:00+05:30', 'pnl': 5.75}, {'time': '2025-07-25 13:27:00+05:30', 'pnl': 3.25}, {'time': '2025-07-25 13:28:00+05:30', 'pnl': 2.099999999998545}, {'time': '2025-07-25 13:29:00+05:30', 'pnl': -4.05000000000291}]"
2025-07-25 13:29:00+05:30,2025-07-25 13:39:00+05:30,SELL,BUY,24856.35,24851.5,4.849999999998545,"[{'time': '2025-07-25 13:29:00+05:30', 'pnl': 0.0}, {'time': '2025-07-25 13:30:00+05:30', 'pnl': 0.7999999999992724}, {'time': '2025-07-25 13:31:00+05:30', 'pnl': 6.44999999999709}, {'time': '2025-07-25 13:32:00+05:30', 'pnl': 3.25}, {'time': '2025-07-25 13:33:00+05:30', 'pnl': 12.94999999999709}, {'time': '2025-07-25 13:34:00+05:30', 'pnl': 44.64999999999782}, {'time': '2025-07-25 13:35:00+05:30', 'pnl': 28.5}, {'time': '2025-07-25 13:36:00+05:30', 'pnl': 26.549999999999272}, {'time': '2025-07-25 13:37:00+05:30', 'pnl': 24.94999999999709}, {'time': '2025-07-25 13:38:00+05:30', 'pnl': 2.9499999999970896}, {'time': '2025-07-25 13:39:00+05:30', 'pnl': 4.849999999998545}]"
2025-07-25 13:39:00+05:30,2025-07-25 14:02:00+05:30,BUY,SELL,24851.5,24867.6,16.099999999998545,"[{'time': '2025-07-25 13:39:00+05:30', 'pnl': 0.0}, {'time': '2025-07-25 13:40:00+05:30', 'pnl': -2.75}, {'time': '2025-07-25 13:41:00+05:30', 'pnl': 6.549999999999272}, {'time': '2025-07-25 13:42:00+05:30', 'pnl': 9.950000000000728}, {'time': '2025-07-25 13:43:00+05:30', 'pnl': 9.849999999998545}, {'time': '2025-07-25 13:44:00+05:30', 'pnl': 11.799999999999272}, {'time': '2025-07-25 13:45:00+05:30', 'pnl': 6.349999999998545}, {'time': '2025-07-25 13:46:00+05:30', 'pnl': 13.950000000000728}, {'time': '2025-07-25 13:47:00+05:30', 'pnl': 17.599999999998545}, {'time': '2025-07-25 13:48:00+05:30', 'pnl': 15.650000000001455}, {'time': '2025-07-25 13:49:00+05:30', 'pnl': 14.299999999999272}, {'time': '2025-07-25 13:50:00+05:30', 'pnl': 13.200000000000728}, {'time': '2025-07-25 13:51:00+05:30', 'pnl': 12.349999999998545}, {'time': '2025-07-25 13:52:00+05:30', 'pnl': 9.349999999998545}, {'time': '2025-07-25 13:53:00+05:30', 'pnl': 23.700000000000728}, {'time': '2025-07-25 13:54:00+05:30', 'pnl': 23.200000000000728}, {'time': '2025-07-25 13:55:00+05:30', 'pnl': 18.799999999999272}, {'time': '2025-07-25 13:56:00+05:30', 'pnl': 21.650000000001455}, {'time': '2025-07-25 13:57:00+05:30', 'pnl': 22.799999999999272}, {'time': '2025-07-25 13:58:00+05:30', 'pnl': 21.049999999999272}, {'time': '2025-07-25 13:59:00+05:30', 'pnl': 22.900000000001455}, {'time': '2025-07-25 14:00:00+05:30', 'pnl': 26.450000000000728}, {'time': '2025-07-25 14:01:00+05:30', 'pnl': 18.400000000001455}, {'time': '2025-07-25 14:02:00+05:30', 'pnl': 16.099999999998545}]"
2025-07-25 14:02:00+05:30,2025-07-25 14:22:00+05:30,SELL,BUY,24867.6,24845.85,21.75,"[{'time': '2025-07-25 14:02:00+05:30', 'pnl': 0.0}, {'time': '2025-07-25 14:03:00+05:30', 'pnl': 3.649999999997817}, {'time': '2025-07-25 14:04:00+05:30', 'pnl': 8.19999999999709}, {'time': '2025-07-25 14:05:00+05:30', 'pnl': 14.5}, {'time': '2025-07-25 14:06:00+05:30', 'pnl': 23.5}, {'time': '2025-07-25 14:07:00+05:30', 'pnl': 24.25}, {'time': '2025-07-25 14:08:00+05:30', 'pnl': 19.599999999998545}, {'time': '2025-07-25 14:09:00+05:30', 'pnl': 19.099999999998545}, {'time': '2025-07-25 14:10:00+05:30', 'pnl': 22.799999999999272}, {'time': '2025-07-25 14:11:00+05:30', 'pnl': 19.799999999999272}, {'time': '2025-07-25 14:12:00+05:30', 'pnl': 19.799999999999272}, {'time': '2025-07-25 14:13:00+05:30', 'pnl': 21.149999999997817}, {'time': '2025-07-25 14:14:00+05:30', 'pnl': 28.25}, {'time': '2025-07-25 14:15:00+05:30', 'pnl': 23.099999999998545}, {'time': '2025-07-25 14:16:00+05:30', 'pnl': 25.649999999997817}, {'time': '2025-07-25 14:17:00+05:30', 'pnl': 24.899999999997817}, {'time': '2025-07-25 14:18:00+05:30', 'pnl': 28.0}, {'time': '2025-07-25 14:19:00+05:30', 'pnl': 25.599999999998545}, {'time': '2025-07-25 14:20:00+05:30', 'pnl': 22.549999999999272}, {'time': '2025-07-25 14:21:00+05:30', 'pnl': 21.94999999999709}, {'time': '2025-07-25 14:22:00+05:30', 'pnl': 21.75}]"
2025-07-25 14:22:00+05:30,2025-07-25 14:26:00+05:30,BUY,SELL,24845.85,24838.6,-7.25,"[{'time': '2025-07-25 14:22:00+05:30', 'pnl': 0.0}, {'time': '2025-07-25 14:23:00+05:30', 'pnl': 0.2000000000007276}, {'time': '2025-07-25 14:24:00+05:30', 'pnl': 6.850000000002183}, {'time': '2025-07-25 14:25:00+05:30', 'pnl': 1.9500000000007276}, {'time': '2025-07-25 14:26:00+05:30', 'pnl': -7.25}]"
2025-07-25 14:26:00+05:30,2025-07-25 14:38:00+05:30,SELL,BUY,24838.6,24839.55,-0.9500000000007276,"[{'time': '2025-07-25 14:26:00+05:30', 'pnl': 0.0}, {'time': '2025-07-25 14:27:00+05:30', 'pnl': 22.349999999998545}, {'time': '2025-07-25 14:28:00+05:30', 'pnl': -0.1500000000014552}, {'time': '2025-07-25 14:29:00+05:30', 'pnl': 2.7999999999992724}, {'time': '2025-07-25 14:30:00+05:30', 'pnl': 1.6499999999978172}, {'time': '2025-07-25 14:31:00+05:30', 'pnl': 2.4499999999970896}, {'time': '2025-07-25 14:32:00+05:30', 'pnl': 5.599999999998545}, {'time': '2025-07-25 14:33:00+05:30', 'pnl': 7.5}, {'time': '2025-07-25 14:34:00+05:30', 'pnl': 9.599999999998545}, {'time': '2025-07-25 14:35:00+05:30', 'pnl': 3.75}, {'time': '2025-07-25 14:36:00+05:30', 'pnl': 1.7999999999992724}, {'time': '2025-07-25 14:37:00+05:30', 'pnl': 3.5}, {'time': '2025-07-25 14:38:00+05:30', 'pnl': -0.9500000000007276}]"
2025-07-25 14:38:00+05:30,2025-07-25 14:43:00+05:30,BUY,SELL,24839.55,24831.3,-8.25,"[{'time': '2025-07-25 14:38:00+05:30', 'pnl': 0.0}, {'time': '2025-07-25 14:39:00+05:30', 'pnl': 5.700000000000728}, {'time': '2025-07-25 14:40:00+05:30', 'pnl': 7.850000000002183}, {'time': '2025-07-25 14:41:00+05:30', 'pnl': -2.0}, {'time': '2025-07-25 14:42:00+05:30', 'pnl': -6.299999999999272}, {'time': '2025-07-25 14:43:00+05:30', 'pnl': -8.25}]"
2025-07-25 14:43:00+05:30,2025-07-25 14:57:00+05:30,SELL,BUY,24831.3,24830.1,1.2000000000007276,"[{'time': '2025-07-25 14:43:00+05:30', 'pnl': 0.0}, {'time': '2025-07-25 14:44:00+05:30', 'pnl': -0.8500000000021828}, {'time': '2025-07-25 14:45:00+05:30', 'pnl': -4.350000000002183}, {'time': '2025-07-25 14:46:00+05:30', 'pnl': 4.899999999997817}, {'time': '2025-07-25 14:47:00+05:30', 'pnl': -0.049999999999272404}, {'time': '2025-07-25 14:48:00+05:30', 'pnl': -2.0499999999992724}, {'time': '2025-07-25 14:49:00+05:30', 'pnl': 7.200000000000728}, {'time': '2025-07-25 14:50:00+05:30', 'pnl': 4.099999999998545}, {'time': '2025-07-25 14:51:00+05:30', 'pnl': 9.25}, {'time': '2025-07-25 14:52:00+05:30', 'pnl': 11.599999999998545}, {'time': '2025-07-25 14:53:00+05:30', 'pnl': 5.549999999999272}, {'time': '2025-07-25 14:54:00+05:30', 'pnl': 5.950000000000728}, {'time': '2025-07-25 14:55:00+05:30', 'pnl': 3.2999999999992724}, {'time': '2025-07-25 14:56:00+05:30', 'pnl': 2.9500000000007276}, {'time': '2025-07-25 14:57:00+05:30', 'pnl': 1.2000000000007276}]"
2025-07-25 14:57:00+05:30,2025-07-25 15:04:00+05:30,BUY,SELL,24830.1,24829.55,-0.5499999999992724,"[{'time': '2025-07-25 14:57:00+05:30', 'pnl': 0.0}, {'time': '2025-07-25 14:58:00+05:30', 'pnl': 1.7000000000007276}, {'time': '2025-07-25 14:59:00+05:30', 'pnl': 3.850000000002183}, {'time': '2025-07-25 15:00:00+05:30', 'pnl': 0.4500000000007276}, {'time': '2025-07-25 15:01:00+05:30', 'pnl': 2.400000000001455}, {'time': '2025-07-25 15:02:00+05:30', 'pnl': 2.5500000000029104}, {'time': '2025-07-25 15:03:00+05:30', 'pnl': -2.399999999997817}, {'time': '2025-07-25 15:04:00+05:30', 'pnl': -0.5499999999992724}]"
2025-07-25 15:04:00+05:30,2025-07-25 15:05:00+05:30,SELL,BUY,24829.55,24831.45,-1.9000000000014552,"[{'time': '2025-07-25 15:04:00+05:30', 'pnl': 0.0}, {'time': '2025-07-25 15:05:00+05:30', 'pnl': -1.9000000000014552}]"
2025-07-25 15:05:00+05:30,2025-07-25 15:16:00+05:30,BUY,SELL,24831.45,24837.15,5.700000000000728,"[{'time': '2025-07-25 15:05:00+05:30', 'pnl': 0.0}, {'time': '2025-07-25 15:06:00+05:30', 'pnl': 5.049999999999272}, {'time': '2025-07-25 15:07:00+05:30', 'pnl': 6.75}, {'time': '2025-07-25 15:08:00+05:30', 'pnl': 8.799999999999272}, {'time': '2025-07-25 15:09:00+05:30', 'pnl': 17.549999999999272}, {'time': '2025-07-25 15:10:00+05:30', 'pnl': 14.649999999997817}, {'time': '2025-07-25 15:11:00+05:30', 'pnl': 10.75}, {'time': '2025-07-25 15:12:00+05:30', 'pnl': 10.349999999998545}, {'time': '2025-07-25 15:13:00+05:30', 'pnl': 12.599999999998545}, {'time': '2025-07-25 15:14:00+05:30', 'pnl': 12.950000000000728}, {'time': '2025-07-25 15:15:00+05:30', 'pnl': 9.849999999998545}, {'time': '2025-07-25 15:16:00+05:30', 'pnl': 5.700000000000728}]"
2025-07-25 15:16:00+05:30,2025-07-25 15:22:00+05:30,SELL,BUY,24837.15,24840.7,-3.5499999999992724,"[{'time': '2025-07-25 15:16:00+05:30', 'pnl': 0.0}, {'time': '2025-07-25 15:17:00+05:30', 'pnl': -1.3999999999978172}, {'time': '2025-07-25 15:18:00+05:30', 'pnl': 2.2000000000007276}, {'time': '2025-07-25 15:19:00+05:30', 'pnl': 3.4500000000007276}, {'time': '2025-07-25 15:20:00+05:30', 'pnl': -3.25}, {'time': '2025-07-25 15:21:00+05:30', 'pnl': -6.5}, {'time': '2025-07-25 15:22:00+05:30', 'pnl': -3.5499999999992724}]"
2025-07-25 15:22:00+05:30,2025-07-25 15:26:00+05:30,BUY,SELL,24840.7,24835.4,-5.299999999999272,"[{'time': '2025-07-25 15:22:00+05:30', 'pnl': 0.0}, {'time': '2025-07-25 15:23:00+05:30', 'pnl': -1.4500000000007276}, {'time': '2025-07-25 15:24:00+05:30', 'pnl': -1.9000000000014552}, {'time': '2025-07-25 15:25:00+05:30', 'pnl': -2.350000000002183}, {'time': '2025-07-25 15:26:00+05:30', 'pnl': -5.299999999999272}]"
2025-07-25 15:26:00+05:30,2025-07-25 15:29:00+05:30,SELL,BUY,24835.4,24832.2,3.2000000000007276,"[{'time': '2025-07-25 15:26:00+05:30', 'pnl': 0.0}, {'time': '2025-07-25 15:27:00+05:30', 'pnl': 4.5}, {'time': '2025-07-25 15:28:00+05:30', 'pnl': 5.900000000001455}, {'time': '2025-07-25 15:29:00+05:30', 'pnl': 3.2000000000007276}]"
